{"msg":"success","code":200,"data":[[1512864000000,12258.9,12974,10775,12300,7956.10370902],[1512950400000,12300,14372.7,12300,13651.5,6601.03719074],[1513036800000,13655.1,14290,13161.5,13770,5933.05892163],[1513123200000,13699.9,14050,13000,13250.1,5404.33694268],[1513209600000,13250,13846,13000,13661.5,4103.50298345],[1513296000000,13648.9,14977,13615,14660,4730.93336718],[1513382400000,14660,16310.4,14503.1,16135.6,4799.57800087],[1513468800000,16135.6,16323,15284,15601,4662.24950434],[1513555200000,15680.9,15866,14980,15767.2,5062.28390826],[1513641600000,15767.2,15800.1,14466,14994.2,7441.90917116],[1513728000000,14994.2,15284,13329,13898.5,8930.55672351],[1513814400000,13897.2,14554.9,11040,12587.5,9053.33561059],[1513900800000,12533.8,12829.2,8915.6,11615.9,17049.75143793],[1513987200000,11615.9,13173.9,11450,12339,6356.77714248],[1514073600000,12344.8,12405.7,10500,11775,6402.75486311],[1514160000000,11775,12298,11184.8,11685.8,4341.46612206],[1514246400000,11685.7,13490,11527,13161.9,5720.34701366],[1514332800000,13134.9,13596,12276,13010,6154.50403656],[1514419200000,13010,13100,11721.8,12290,7000.02817488],[1514505600000,12251.3,12689.6,11989,12258.8,4888.9308725],[1514592000000,12258.9,12311.6,10438.2,10654.4,8513.60635708],[1514678400000,10606.1,12180,10520.6,11993.6,5085.80968571],[1514764800000,11993.6,11995.2,11090,11350,3669.82708583],[1514851200000,11359.1,12746,10905,12299.8,6804.19292411],[1514937600000,12299.8,12887,12290,12660,4898.92617356],[1515024000000,12643.3,12819.2,12000,12750.4,5864.89327123],[1515110400000,12750.4,14470,12412.1,14297.6,6858.28178413],[1515196800000,14297.4,14333.8,13501,14184,4133.02074987],[1515283200000,14184,14199.7,13039.8,13237.2,3894.31705744],[1515369600000,13208.6,13287.3,11605,12648.7,6424.42409122],[1515456000000,12635.1,12768.6,11961.8,12072.9,5585.04735],[1515542400000,12072.9,12300,11200,12091.4,6088.60085865],[1515628800000,12420,12426,11001,11420,1668.49913628],[1515801600000,20000,20000,10892,11764.8,2378.26821609],[1515888000000,11764.8,12617,6256.2,11100,4930.25072624],[1515974400000,11350.2,11498,11281.1,11448.9,772.06322073],[1516060800000,11028.6,11934.7,8227.1,9370,19948.86904695],[1516233600000,9210,10140,8901.1,9360.1,15829.48054471],[1516320000000,9360,9999,9127,9574,9741.71520063],[1516406400000,9581.5,10735,9537.8,10511.9,9756.62572988],[1516492800000,10521.9,10521.9,9200.1,9540.2,12038.33362838],[1516579200000,9540.2,9855,8200.9,8861.3,14825.31013221],[1516665600000,8861.3,9357.2,8166.1,8833.7,13779.78805607],[1516752000000,8827,9379.7,8510.1,9225,10353.15373441],[1516838400000,9224.1,9460,8850,9005.7,8811.25984747],[1516924800000,9005,9360,8400,8964.1,15282.87714993],[1517011200000,8960.1,9334.2,8763.1,9172.2,10711.84097182],[1517097600000,9172.2,9550,9117.8,9377.2,10425.55944311],[1517184000000,9384,9438.5,8920,9020.2,8779.74720814],[1517270400000,9032,9061.1,7900,8075,20946.78320951],[1517356800000,8073,8305.6,7737,8147.8,17281.21621327],[1517443200000,8137.4,8184.6,6760,7163.1,23691.26618533],[1517529600000,7170.7,7399,6001,7088.7,37555.52579222],[1517616000000,7089.3,7653.9,6525.2,7436.9,13701.91828425],[1517702400000,7435,7543.8,6176,6518,19321.49643622],[1517788800000,6524.9,6709,5261,5436.2,35904.04456244],[1517875200000,5430.9,6457,4700,6197.8,51320.98100855],[1517961600000,6191.4,6903.9,5782.5,6860.1,12962.87791126]]}